{
  "Gpt-4o": {
    "avg_f1": {
      "multiline_qa_no_transform_fewshot5_seed8_exseed9085": 0.20876395013008583,
      "instructed_multiline_qa_no_transform_fewshot5_seed1_exseed3103": 0.17493385824092175,
      "simple_request_qa_no_transform_fewshot5_seed9_exseed4923": 0.1871098010966867,
      "detailed_response_no_transform_fewshot5_seed3_exseed1319": 0.11747502155072818,
      "instructed_multiline_qa_no_transform_fewshot5_seed5_exseed5889": 0.17826169306373282,
      "formal_qa_no_transform_fewshot5_seed7_exseed9348": 0.1558098526185804,
      "multiline_qa_no_transform_fewshot5_seed1_exseed6573": 0.1821871275551104,
      "detailed_response_no_transform_fewshot5_seed9_exseed4770": 0.11561746254105693,
      "minimal_qa_no_transform_fewshot5_seed5_exseed4456": 0.1882668748539112,
      "detailed_response_no_transform_fewshot5_seed6_exseed7543": 0.11848624426179888,
      "instructed_qa_no_transform_fewshot5_seed5_exseed7537": 0.21661516500362446,
      "instructed_qa_no_transform_fewshot5_seed4_exseed9317": 0.22791423602259409,
      "assistant_qa_no_transform_fewshot5_seed4_exseed5342": 0.22328655410615597,
      "minimal_qa_no_transform_fewshot5_seed10_exseed3591": 0.20752581900187914,
      "assistant_qa_no_transform_fewshot5_seed7_exseed9479": 0.2015445072079873,
      "simple_qa_no_transform_fewshot5_seed8_exseed1117": 0.2237837314379953,
      "formal_qa_no_transform_fewshot5_seed3_exseed3504": 0.15478798199914587,
      "multiline_qa_no_transform_fewshot5_seed5_exseed2133": 0.17351320910140589,
      "instructed_qa_no_transform_fewshot5_seed2_exseed7482": 0.2184244992310415,
      "simple_qa_no_transform_fewshot5_seed2_exseed4608": 0.2286195008111947,
      "assistant_qa_no_transform_fewshot5_seed5_exseed1771": 0.18253079809302172,
      "raw_question_no_transform_fewshot5_seed6_exseed4470": 0.12007028199072853,
      "polite_qa_no_transform_fewshot5_seed5_exseed4483": 0.11959912531239325,
      "raw_question_no_transform_fewshot5_seed9_exseed3504": 0.14694676564307324,
      "assistant_qa_no_transform_fewshot5_seed6_exseed3705": 0.22001508042943946,
      "simple_request_qa_no_transform_fewshot5_seed10_exseed1053": 0.15172065023013317,
      "polite_qa_no_transform_fewshot5_seed9_exseed1964": 0.17910681713140372,
      "instructed_qa_no_transform_fewshot5_seed9_exseed4295": 0.23366145074279954,
      "detailed_response_no_transform_fewshot5_seed7_exseed7932": 0.11452316309744422,
      "simple_request_qa_no_transform_fewshot5_seed7_exseed5339": 0.13399421293013203,
      "simple_qa_no_transform_fewshot5_seed4_exseed6155": 0.2352457018546498,
      "formal_qa_no_transform_fewshot5_seed1_exseed8433": 0.14374600744622174,
      "formal_qa_no_transform_fewshot5_seed4_exseed2832": 0.1711624997345942,
      "instructed_multiline_qa_no_transform_fewshot5_seed9_exseed3927": 0.2439948257016616,
      "multiline_qa_no_transform_fewshot5_seed2_exseed4681": 0.20384908064092397,
      "instruction_qa_no_transform_fewshot5_seed2_exseed2084": 0.1935710870307141,
      "formal_qa_no_transform_fewshot5_seed2_exseed9201": 0.14335195572996992,
      "instructed_multiline_qa_no_transform_fewshot5_seed2_exseed2982": 0.2084347863111359,
      "simple_qa_no_transform_fewshot5_seed6_exseed4258": 0.2191829702745924,
      "multiline_qa_no_transform_fewshot5_seed9_exseed8517": 0.23652883884606626,
      "raw_question_no_transform_fewshot5_seed7_exseed2403": 0.1218296285430339,
      "minimal_qa_no_transform_fewshot5_seed4_exseed3287": 0.2029015164200053,
      "instruction_qa_no_transform_fewshot5_seed1_exseed2049": 0.1804827396496527,
      "simple_request_qa_no_transform_fewshot5_seed4_exseed5119": 0.15158078126638153,
      "minimal_qa_no_transform_fewshot5_seed3_exseed9317": 0.1608812944399883,
      "instructed_qa_no_transform_fewshot5_seed6_exseed9179": 0.20718385759273011,
      "minimal_qa_no_transform_fewshot5_seed2_exseed8019": 0.19132010981330685,
      "formal_qa_no_transform_fewshot5_seed6_exseed2876": 0.17753790764002358,
      "simple_qa_no_transform_fewshot5_seed9_exseed2104": 0.2606629524168427,
      "multiline_qa_no_transform_fewshot5_seed3_exseed9645": 0.19910449545274259,
      "minimal_qa_no_transform_fewshot5_seed1_exseed9837": 0.18686132612179657,
      "instruction_qa_no_transform_fewshot5_seed4_exseed7304": 0.23998510368994638,
      "raw_question_no_transform_fewshot5_seed8_exseed1188": 0.12121655837676504,
      "minimal_qa_no_transform_fewshot5_seed8_exseed3340": 0.18121251875113356,
      "instruction_qa_no_transform_fewshot5_seed10_exseed7252": 0.20037322738275748,
      "assistant_qa_no_transform_fewshot5_seed2_exseed4750": 0.199354342145579,
      "minimal_qa_no_transform_fewshot5_seed9_exseed4946": 0.23634676376741467,
      "minimal_qa_no_transform_fewshot5_seed6_exseed7126": 0.1997724701756306,
      "multiline_qa_no_transform_fewshot5_seed10_exseed2489": 0.22121751465262332,
      "simple_request_qa_no_transform_fewshot5_seed1_exseed5315": 0.1326444387780742,
      "raw_question_no_transform_fewshot5_seed4_exseed9669": 0.12245221546061152,
      "raw_question_no_transform_fewshot5_seed10_exseed9835": 0.12910179980431222,
      "detailed_response_no_transform_fewshot5_seed1_exseed1344": 0.11464537587183146,
      "instructed_multiline_qa_no_transform_fewshot5_seed7_exseed1009": 0.1938949637119614,
      "polite_qa_no_transform_fewshot5_seed10_exseed3060": 0.15823472801606225,
      "multiline_qa_no_transform_fewshot5_seed6_exseed7916": 0.18448759690553074,
      "simple_request_qa_no_transform_fewshot5_seed3_exseed9727": 0.13771224378983818,
      "instructed_qa_no_transform_fewshot5_seed10_exseed8177": 0.21721613974196397,
      "instructed_multiline_qa_no_transform_fewshot5_seed6_exseed2743": 0.2190550251288709,
      "instructed_qa_no_transform_fewshot5_seed8_exseed9689": 0.22257739951186764,
      "simple_qa_no_transform_fewshot5_seed7_exseed8962": 0.21461015615739104,
      "simple_request_qa_no_transform_fewshot5_seed6_exseed9797": 0.14953236486085977,
      "simple_qa_no_transform_fewshot5_seed1_exseed5371": 0.2161002412039121,
      "assistant_qa_no_transform_fewshot5_seed10_exseed5304": 0.22029326719848097,
      "polite_qa_no_transform_fewshot5_seed1_exseed2290": 0.13212255219753408,
      "instruction_qa_no_transform_fewshot5_seed7_exseed5040": 0.20744823890926187,
      "formal_qa_no_transform_fewshot5_seed5_exseed2827": 0.1540068019131012,
      "polite_qa_no_transform_fewshot5_seed2_exseed2040": 0.14174289068681356,
      "instruction_qa_no_transform_fewshot5_seed6_exseed8123": 0.19601911352053356,
      "raw_question_no_transform_fewshot5_seed1_exseed8397": 0.11859973743118339,
      "multiline_qa_no_transform_fewshot5_seed4_exseed8787": 0.20773542490813085,
      "detailed_response_no_transform_fewshot5_seed2_exseed3621": 0.1090409411037474,
      "simple_qa_no_transform_fewshot5_seed3_exseed6947": 0.21371180685455438,
      "instructed_multiline_qa_no_transform_fewshot5_seed10_exseed1949": 0.18530532536760433,
      "simple_request_qa_no_transform_fewshot5_seed2_exseed9830": 0.13866949703244957,
      "raw_question_no_transform_fewshot5_seed5_exseed6930": 0.12311412394362656,
      "instructed_multiline_qa_no_transform_fewshot5_seed3_exseed6038": 0.19286277383991263,
      "formal_qa_no_transform_fewshot5_seed8_exseed8668": 0.16948336516291793,
      "formal_qa_no_transform_fewshot5_seed9_exseed2163": 0.2126464132155109,
      "detailed_response_no_transform_fewshot5_seed5_exseed3646": 0.11004442870357324,
      "instructed_multiline_qa_no_transform_fewshot5_seed4_exseed5808": 0.24633152913690629,
      "raw_question_no_transform_fewshot5_seed3_exseed5061": 0.12529407491905845,
      "assistant_qa_no_transform_fewshot5_seed1_exseed6107": 0.18789256431314622,
      "detailed_response_no_transform_fewshot5_seed4_exseed9005": 0.10707065305957347,
      "assistant_qa_no_transform_fewshot5_seed8_exseed7118": 0.2104721134170644,
      "simple_request_qa_no_transform_fewshot5_seed8_exseed3266": 0.1521143733902261,