{
  "Llama-3.3-70B": {
    "detailed_response_no_transform_fewshot5_seed2_exseed3621": 0.23780255878161125,
    "assistant_qa_no_transform_fewshot5_seed7_exseed9479": 0.22122569747348558,
    "detailed_response_no_transform_fewshot5_seed3_exseed1319": 0.21968221460614173,
    "assistant_qa_no_transform_fewshot5_seed8_exseed7118": 0.2515981701546708,
    "instruction_qa_no_transform_fewshot5_seed2_exseed2084": 0.23030630367576463,
    "formal_qa_no_transform_fewshot5_seed1_exseed8433": 0.22875816181197595,
    "detailed_response_no_transform_fewshot5_seed7_exseed7932": 0.2442236548117456,
    "multiline_qa_no_transform_fewshot5_seed5_exseed2133": 0.2575762952103032,
    "minimal_qa_no_transform_fewshot5_seed10_exseed3591": 0.2254392742662861,
    "instructed_multiline_qa_no_transform_fewshot5_seed3_exseed6038": 0.2367515381993397,
    "multiline_qa_no_transform_fewshot5_seed8_exseed9085": 0.22952921953820665,
    "instructed_multiline_qa_no_transform_fewshot5_seed1_exseed3103": 0.22065708505625453,
    "simple_request_qa_no_transform_fewshot5_seed9_exseed4923": 0.23867503010642543,
    "instructed_multiline_qa_no_transform_fewshot5_seed5_exseed5889": 0.23442849772426816,
    "formal_qa_no_transform_fewshot5_seed7_exseed9348": 0.22808403825621346,
    "multiline_qa_no_transform_fewshot5_seed1_exseed6573": 0.23322896735212023,
    "detailed_response_no_transform_fewshot5_seed9_exseed4770": 0.2362053766223148,
    "minimal_qa_no_transform_fewshot5_seed5_exseed4456": 0.25549429383069255,
    "detailed_response_no_transform_fewshot5_seed6_exseed7543": 0.24491020158484625,
    "instructed_qa_no_transform_fewshot5_seed5_exseed7537": 0.250369454458013,
    "instructed_qa_no_transform_fewshot5_seed4_exseed9317": 0.23652277529556207,
    "assistant_qa_no_transform_fewshot5_seed4_exseed5342": 0.2230735203481149,
    "simple_qa_no_transform_fewshot5_seed8_exseed1117": 0.23588200150607314,
    "formal_qa_no_transform_fewshot5_seed3_exseed3504": 0.22428826875917543,
    "instructed_qa_no_transform_fewshot5_seed2_exseed7482": 0.23961807923183412,
    "simple_qa_no_transform_fewshot5_seed2_exseed4608": 0.25992250666162553,
    "assistant_qa_no_transform_fewshot5_seed5_exseed1771": 0.2265942145706293,
    "raw_question_no_transform_fewshot5_seed6_exseed4470": 0.23835410113090597,
    "polite_qa_no_transform_fewshot5_seed5_exseed4483": 0.23027982893521987,
    "raw_question_no_transform_fewshot5_seed9_exseed3504": 0.22682946296007112,
    "assistant_qa_no_transform_fewshot5_seed6_exseed3705": 0.2326330471933965,
    "simple_request_qa_no_transform_fewshot5_seed10_exseed1053": 0.23840702144549084,
    "polite_qa_no_transform_fewshot5_seed9_exseed1964": 0.23457679159770992,
    "instructed_qa_no_transform_fewshot5_seed9_exseed4295": 0.24099164787119046,
    "simple_request_qa_no_transform_fewshot5_seed7_exseed5339": 0.227768338502559,
    "simple_qa_no_transform_fewshot5_seed4_exseed6155": 0.2315226251213032,
    "formal_qa_no_transform_fewshot5_seed4_exseed2832": 0.24278439086540649,
    "instructed_multiline_qa_no_transform_fewshot5_seed9_exseed3927": 0.23593475713583836,
    "multiline_qa_no_transform_fewshot5_seed2_exseed4681": 0.24209105772581474,
    "formal_qa_no_transform_fewshot5_seed2_exseed9201": 0.23665845781067898,
    "instructed_multiline_qa_no_transform_fewshot5_seed2_exseed2982": 0.231908700584887,
    "simple_qa_no_transform_fewshot5_seed6_exseed4258": 0.2385434899027767,
    "multiline_qa_no_transform_fewshot5_seed9_exseed8517": 0.2350551041742171,
    "raw_question_no_transform_fewshot5_seed7_exseed2403": 0.23735903091111069,
    "minimal_qa_no_transform_fewshot5_seed4_exseed3287": 0.2473654475575844,
    "instruction_qa_no_transform_fewshot5_seed1_exseed2049": 0.2243549045090169,
    "simple_request_qa_no_transform_fewshot5_seed4_exseed5119": 0.24922652650091376,
    "minimal_qa_no_transform_fewshot5_seed3_exseed9317": 0.22406790877317426,
    "instructed_qa_no_transform_fewshot5_seed6_exseed9179": 0.23538767501503588,
    "minimal_qa_no_transform_fewshot5_seed2_exseed8019": 0.24057346402505128,
    "formal_qa_no_transform_fewshot5_seed6_exseed2876": 0.2514092234462084,
    "simple_qa_no_transform_fewshot5_seed9_exseed2104": 0.2533978875323054,
    "multiline_qa_no_transform_fewshot5_seed3_exseed9645": 0.21568977828426322,
    "minimal_qa_no_transform_fewshot5_seed1_exseed9837": 0.23351155515482303,
    "instruction_qa_no_transform_fewshot5_seed4_exseed7304": 0.2463331588808403,
    "raw_question_no_transform_fewshot5_seed8_exseed1188": 0.2443792629392112,
    "minimal_qa_no_transform_fewshot5_seed8_exseed3340": 0.22135461786276145,
    "instruction_qa_no_transform_fewshot5_seed10_exseed7252": 0.2418193701466582,
    "assistant_qa_no_transform_fewshot5_seed2_exseed4750": 0.2257579119596381,
    "minimal_qa_no_transform_fewshot5_seed9_exseed4946": 0.24828169458964439,
    "minimal_qa_no_transform_fewshot5_seed6_exseed7126": 0.22302842082889304,
    "multiline_qa_no_transform_fewshot5_seed10_exseed2489": 0.21963503382675492,
    "simple_request_qa_no_transform_fewshot5_seed1_exseed5315": 0.23315061722027888,
    "raw_question_no_transform_fewshot5_seed4_exseed9669": 0.2556154209640959,
    "raw_question_no_transform_fewshot5_seed10_exseed9835": 0.2591718389427893,
    "detailed_response_no_transform_fewshot5_seed1_exseed1344": 0.25123392765465163,
    "instructed_multiline_qa_no_transform_fewshot5_seed7_exseed1009": 0.22137027979096668,
    "polite_qa_no_transform_fewshot5_seed10_exseed3060": 0.24511936724503353,
    "multiline_qa_no_transform_fewshot5_seed6_exseed7916": 0.2552608814438464,
    "simple_request_qa_no_transform_fewshot5_seed3_exseed9727": 0.24117632199417327,
    "instructed_qa_no_transform_fewshot5_seed10_exseed8177": 0.2347222515713017,
    "instructed_multiline_qa_no_transform_fewshot5_seed6_exseed2743": 0.25412632092334136,
    "instructed_qa_no_transform_fewshot5_seed8_exseed9689": 0.24846505061766652,
    "simple_qa_no_transform_fewshot5_seed7_exseed8962": 0.2329125316041943,
    "simple_request_qa_no_transform_fewshot5_seed6_exseed9797": 0.23544050271650874,
    "simple_qa_no_transform_fewshot5_seed1_exseed5371": 0.221484005634303,
    "assistant_qa_no_transform_fewshot5_seed10_exseed5304": 0.2319495058384384,
    "polite_qa_no_transform_fewshot5_seed1_exseed2290": 0.23233637946293687,
    "instruction_qa_no_transform_fewshot5_seed7_exseed5040": 0.22744995878460883,
    "formal_qa_no_transform_fewshot5_seed5_exseed2827": 0.24570673439813148,
    "polite_qa_no_transform_fewshot5_seed2_exseed2040": 0.23532522190076746,
    "instruction_qa_no_transform_fewshot5_seed6_exseed8123": 0.24749665601793752,
    "raw_question_no_transform_fewshot5_seed1_exseed8397": 0.2331529766100537,
    "multiline_qa_no_transform_fewshot5_seed4_exseed8787": 0.23564246910655065,
    "simple_qa_no_transform_fewshot5_seed3_exseed6947": 0.2385671856863599,
    "instructed_multiline_qa_no_transform_fewshot5_seed10_exseed1949": 0.23167312953742583,
    "simple_request_qa_no_transform_fewshot5_seed2_exseed9830": 0.25404277484782445,
    "raw_question_no_transform_fewshot5_seed5_exseed6930": 0.24891041294861602,
    "formal_qa_no_transform_fewshot5_seed8_exseed8668": 0.22816843685746857,
    "formal_qa_no_transform_fewshot5_seed9_exseed2163": 0.2510709357358887,
    "detailed_response_no_transform_fewshot5_seed5_exseed3646": 0.2307399183580618,
    "instructed_multiline_qa_no_transform_fewshot5_seed4_exseed5808": 0.22701839394040774,
    "raw_question_no_transform_fewshot5_seed3_exseed5061": 0.2441787630008536,
    "assistant_qa_no_transform_fewshot5_seed1_exseed6107": 0.2465656861299835,
    "detailed_response_no_transform_fewshot5_seed4_exseed9005": 0.2259179947189135,
    "simple_request_qa_no_transform_fewshot5_seed8_exseed3266": 0.23719750232111897,
    "multiline_qa_no_transform_fewshot5_seed7_exseed6539": 0.23345188817290316,
    "simple_qa_no_transform_fewshot5_seed5_exseed4593": 0.23222924529660907,